Juan Carlos|Martínez|12345678901|juancarlosmartinez@gmail.com|contraseña1
María José|Rodríguez|12345678902|mariajoserodriguez@gmail.com|contraseña2
Carlos Andrés|Gómez|12345678903|carlosandresgomez@gmail.com|contraseña3
Ana María|López|12345678904|anamarialopez@gmail.com|contraseña4
Luis Fernando|Pérez|12345678905|luisfernandoperez@gmail.com|contraseña5
Sofía|González|12345678906|sofiagonzalez@gmail.com|contraseña6
Miguel Ángel|Ramírez|12345678907|miguelangelramirez@gmail.com|contraseña7
Laura Daniela|Torres|12345678908|lauradanielatorres@gmail.com|contraseña8
Javier|Morales|12345678909|javiermorales@gmail.com|contraseña9
Sandra Milena|Guerrero|12345678910|sandramilenaguerrero@gmail.com|contraseña10
MARTA|RAMIREZ|1098765432|martramirez69@gmail.com|contraseña11|None